project_id,similar_project_id,description_similarity_score,distance_km,location_proximity_score,combined_similarity_score,similarity_method,location_data_available,demo_only
175556|BISHNU PADA RAY|ANDAMAN AND NICOBAR ISLANDS|Andaman And Nicobar Islands,175559|BISHNU PADA RAY|ANDAMAN AND NICOBAR ISLANDS|Andaman And Nicobar Islands,0.937896,0.4034672129582809,0.9224764400897799,0.931728,description_plus_location,True,True
175559|BISHNU PADA RAY|ANDAMAN AND NICOBAR ISLANDS|Andaman And Nicobar Islands,175556|BISHNU PADA RAY|ANDAMAN AND NICOBAR ISLANDS|Andaman And Nicobar Islands,0.937896,0.4034672129582809,0.9224764400897799,0.931728,description_plus_location,True,True
175561|BISHNU PADA RAY|ANDAMAN AND NICOBAR ISLANDS|Andaman And Nicobar Islands,224538|BISHNU PADA RAY|ANDAMAN AND NICOBAR ISLANDS|Andaman And Nicobar Islands,0.937414,0.4195397213129162,0.9195158989132772,0.930255,description_plus_location,True,True
183102|BISHNU PADA RAY|ANDAMAN AND NICOBAR ISLANDS|Andaman And Nicobar Islands,224539|BISHNU PADA RAY|ANDAMAN AND NICOBAR ISLANDS|Andaman And Nicobar Islands,0.937415,0.4194908900886793,0.9195248791745387,0.930259,description_plus_location,True,True
187484|BISHNU PADA RAY|ANDAMAN AND NICOBAR ISLANDS|Andaman And Nicobar Islands,224538|BISHNU PADA RAY|ANDAMAN AND NICOBAR ISLANDS|Andaman And Nicobar Islands,0.936339,0.4553668026579018,0.9129507338914165,0.926984,description_plus_location,True,True
188526|BISHNU PADA RAY|ANDAMAN AND NICOBAR ISLANDS|Andaman And Nicobar Islands,242171|BISHNU PADA RAY|ANDAMAN AND NICOBAR ISLANDS|Andaman And Nicobar Islands,0.92875,0.7083480691497298,0.8679079539077256,0.904413,description_plus_location,True,True
188528|BISHNU PADA RAY|ANDAMAN AND NICOBAR ISLANDS|Andaman And Nicobar Islands,175556|BISHNU PADA RAY|ANDAMAN AND NICOBAR ISLANDS|Andaman And Nicobar Islands,0.928747,0.7084330626880887,0.867893200719524,0.904405,description_plus_location,True,True
212474|BISHNU PADA RAY|ANDAMAN AND NICOBAR ISLANDS|Andaman And Nicobar Islands,175559|BISHNU PADA RAY|ANDAMAN AND NICOBAR ISLANDS|Andaman And Nicobar Islands,0.928748,0.7084118175517101,0.8678968884292408,0.904407,description_plus_location,True,True
224538|BISHNU PADA RAY|ANDAMAN AND NICOBAR ISLANDS|Andaman And Nicobar Islands,175561|BISHNU PADA RAY|ANDAMAN AND NICOBAR ISLANDS|Andaman And Nicobar Islands,0.937414,0.4195397213129162,0.9195158989132772,0.930255,description_plus_location,True,True
224539|BISHNU PADA RAY|ANDAMAN AND NICOBAR ISLANDS|Andaman And Nicobar Islands,183102|BISHNU PADA RAY|ANDAMAN AND NICOBAR ISLANDS|Andaman And Nicobar Islands,0.937415,0.4194908900886793,0.9195248791745387,0.930259,description_plus_location,True,True
228040|BISHNU PADA RAY|ANDAMAN AND NICOBAR ISLANDS|Andaman And Nicobar Islands,175561|BISHNU PADA RAY|ANDAMAN AND NICOBAR ISLANDS|Andaman And Nicobar Islands,0.930423,0.6525829951498131,0.8776419248232239,0.90931,description_plus_location,True,True
242171|BISHNU PADA RAY|ANDAMAN AND NICOBAR ISLANDS|Andaman And Nicobar Islands,188526|BISHNU PADA RAY|ANDAMAN AND NICOBAR ISLANDS|Andaman And Nicobar Islands,0.92875,0.7083480691497298,0.8679079539077256,0.904413,description_plus_location,True,True
1155|GM Harish Balayogi|AMALAPURAM|Andhra Pradesh,1717|GM Harish Balayogi|AMALAPURAM|Andhra Pradesh,0.937366,0.42112509255111996,0.9192243903188121,0.93011,description_plus_location,True,True
1717|GM Harish Balayogi|AMALAPURAM|Andhra Pradesh,1155|GM Harish Balayogi|AMALAPURAM|Andhra Pradesh,0.937366,0.42112509255111996,0.9192243903188121,0.93011,description_plus_location,True,True
163100|GM Harish Balayogi|AMALAPURAM|Andhra Pradesh,231961|GM Harish Balayogi|AMALAPURAM|Andhra Pradesh,0.936492,0.4502613855927548,0.9138834088311265,0.927449,description_plus_location,True,True
163760|GM Harish Balayogi|AMALAPURAM|Andhra Pradesh,231963|GM Harish Balayogi|AMALAPURAM|Andhra Pradesh,0.936493,0.4502279573894713,0.9138895187476245,0.927452,description_plus_location,True,True
164721|GM Harish Balayogi|AMALAPURAM|Andhra Pradesh,231961|GM Harish Balayogi|AMALAPURAM|Andhra Pradesh,0.936289,0.4570269654309152,0.9126476548458554,0.926833,description_plus_location,True,True
164722|GM Harish Balayogi|AMALAPURAM|Andhra Pradesh,231966|GM Harish Balayogi|AMALAPURAM|Andhra Pradesh,0.927146,0.7617939953478098,0.858680131830306,0.89976,description_plus_location,True,True
216440|GM Harish Balayogi|AMALAPURAM|Andhra Pradesh,1155|GM Harish Balayogi|AMALAPURAM|Andhra Pradesh,0.927144,0.7618520673191166,0.8586701588386257,0.899755,description_plus_location,True,True
231955|GM Harish Balayogi|AMALAPURAM|Andhra Pradesh,1717|GM Harish Balayogi|AMALAPURAM|Andhra Pradesh,0.927145,0.7618375528378262,0.8586726514726347,0.899756,description_plus_location,True,True
231961|GM Harish Balayogi|AMALAPURAM|Andhra Pradesh,163100|GM Harish Balayogi|AMALAPURAM|Andhra Pradesh,0.936492,0.4502613855927548,0.9138834088311265,0.927449,description_plus_location,True,True
231963|GM Harish Balayogi|AMALAPURAM|Andhra Pradesh,163760|GM Harish Balayogi|AMALAPURAM|Andhra Pradesh,0.936493,0.4502279573894713,0.9138895187476245,0.927452,description_plus_location,True,True
231964|GM Harish Balayogi|AMALAPURAM|Andhra Pradesh,163100|GM Harish Balayogi|AMALAPURAM|Andhra Pradesh,0.930284,0.6572088360919651,0.8768303339204764,0.908902,description_plus_location,True,True
231966|GM Harish Balayogi|AMALAPURAM|Andhra Pradesh,164722|GM Harish Balayogi|AMALAPURAM|Andhra Pradesh,0.927146,0.7617939953478098,0.858680131830306,0.89976,description_plus_location,True,True
1294|C.M.RAMESH|ANAKAPALLE|Andhra Pradesh,1403|C.M.RAMESH|ANAKAPALLE|Andhra Pradesh,0.937133,0.4288942414138341,0.9177971812006498,0.929399,description_plus_location,True,True
1403|C.M.RAMESH|ANAKAPALLE|Andhra Pradesh,1294|C.M.RAMESH|ANAKAPALLE|Andhra Pradesh,0.937133,0.4288942414138341,0.9177971812006498,0.929399,description_plus_location,True,True
219764|C.M.RAMESH|ANAKAPALLE|Andhra Pradesh,248539|C.M.RAMESH|ANAKAPALLE|Andhra Pradesh,0.936094,0.46352248747175173,0.9114628000460255,0.926242,description_plus_location,True,True
220734|C.M.RAMESH|ANAKAPALLE|Andhra Pradesh,256718|C.M.RAMESH|ANAKAPALLE|Andhra Pradesh,0.936095,0.4634993078692947,0.9114670255248919,0.926244,description_plus_location,True,True
220737|C.M.RAMESH|ANAKAPALLE|Andhra Pradesh,248539|C.M.RAMESH|ANAKAPALLE|Andhra Pradesh,0.936267,0.4577777895402127,0.912510617562692,0.926764,description_plus_location,True,True
220739|C.M.RAMESH|ANAKAPALLE|Andhra Pradesh,256731|C.M.RAMESH|ANAKAPALLE|Andhra Pradesh,0.926455,0.7848415981874537,0.854731136581021,0.897765,description_plus_location,True,True
234427|C.M.RAMESH|ANAKAPALLE|Andhra Pradesh,1294|C.M.RAMESH|ANAKAPALLE|Andhra Pradesh,0.926454,0.7848818409047801,0.8547242572680014,0.897762,description_plus_location,True,True
234435|C.M.RAMESH|ANAKAPALLE|Andhra Pradesh,1403|C.M.RAMESH|ANAKAPALLE|Andhra Pradesh,0.926454,0.7848717838484089,0.8547259764717378,0.897763,description_plus_location,True,True
248539|C.M.RAMESH|ANAKAPALLE|Andhra Pradesh,220737|C.M.RAMESH|ANAKAPALLE|Andhra Pradesh,0.936267,0.4577777895402127,0.912510617562692,0.926764,description_plus_location,True,True
256718|C.M.RAMESH|ANAKAPALLE|Andhra Pradesh,220734|C.M.RAMESH|ANAKAPALLE|Andhra Pradesh,0.936095,0.4634993078692947,0.9114670255248919,0.926244,description_plus_location,True,True
256730|C.M.RAMESH|ANAKAPALLE|Andhra Pradesh,219764|C.M.RAMESH|ANAKAPALLE|Andhra Pradesh,0.930221,0.6592957485841426,0.8764644366498711,0.908718,description_plus_location,True,True
256731|C.M.RAMESH|ANAKAPALLE|Andhra Pradesh,220739|C.M.RAMESH|ANAKAPALLE|Andhra Pradesh,0.926455,0.7848415981874537,0.854731136581021,0.897765,description_plus_location,True,True
1458|AMBICA G LAKSHMINARAYANA VALMIKI|ANANTAPUR|Andhra Pradesh,1488|AMBICA G LAKSHMINARAYANA VALMIKI|ANANTAPUR|Andhra Pradesh,0.93713,0.42901221005866613,0.9177755271981607,0.929388,description_plus_location,True,True
1488|AMBICA G LAKSHMINARAYANA VALMIKI|ANANTAPUR|Andhra Pradesh,1458|AMBICA G LAKSHMINARAYANA VALMIKI|ANANTAPUR|Andhra Pradesh,0.93713,0.42901221005866613,0.9177755271981607,0.929388,description_plus_location,True,True
157509|AMBICA G LAKSHMINARAYANA VALMIKI|ANANTAPUR|Andhra Pradesh,163291|AMBICA G LAKSHMINARAYANA VALMIKI|ANANTAPUR|Andhra Pradesh,0.936088,0.46372274489419163,0.9114262953388669,0.926224,description_plus_location,True,True
157510|AMBICA G LAKSHMINARAYANA VALMIKI|ANANTAPUR|Andhra Pradesh,163292|AMBICA G LAKSHMINARAYANA VALMIKI|ANANTAPUR|Andhra Pradesh,0.936089,0.4636997583470562,0.9114304854571982,0.926226,description_plus_location,True,True
157513|AMBICA G LAKSHMINARAYANA VALMIKI|ANANTAPUR|Andhra Pradesh,163291|AMBICA G LAKSHMINARAYANA VALMIKI|ANANTAPUR|Andhra Pradesh,0.936266,0.45778928483265047,0.9125085196498234,0.926763,description_plus_location,True,True
157527|AMBICA G LAKSHMINARAYANA VALMIKI|ANANTAPUR|Andhra Pradesh,172278|AMBICA G LAKSHMINARAYANA VALMIKI|ANANTAPUR|Andhra Pradesh,0.926444,0.7851896043374852,0.8546716483128426,0.897735,description_plus_location,True,True
163284|AMBICA G LAKSHMINARAYANA VALMIKI|ANANTAPUR|Andhra Pradesh,1458|AMBICA G LAKSHMINARAYANA VALMIKI|ANANTAPUR|Andhra Pradesh,0.926443,0.7852295115795939,0.8546648268223868,0.897732,description_plus_location,True,True
163287|AMBICA G LAKSHMINARAYANA VALMIKI|ANANTAPUR|Andhra Pradesh,1488|AMBICA G LAKSHMINARAYANA VALMIKI|ANANTAPUR|Andhra Pradesh,0.926443,0.7852195383930458,0.8546665315704378,0.897733,description_plus_location,True,True
163291|AMBICA G LAKSHMINARAYANA VALMIKI|ANANTAPUR|Andhra Pradesh,157513|AMBICA G LAKSHMINARAYANA VALMIKI|ANANTAPUR|Andhra Pradesh,0.936266,0.45778928483265047,0.9125085196498234,0.926763,description_plus_location,True,True
163292|AMBICA G LAKSHMINARAYANA VALMIKI|ANANTAPUR|Andhra Pradesh,157510|AMBICA G LAKSHMINARAYANA VALMIKI|ANANTAPUR|Andhra Pradesh,0.936089,0.4636997583470562,0.9114304854571982,0.926226,description_plus_location,True,True
172266|AMBICA G LAKSHMINARAYANA VALMIKI|ANANTAPUR|Andhra Pradesh,157509|AMBICA G LAKSHMINARAYANA VALMIKI|ANANTAPUR|Andhra Pradesh,0.93022,0.6593276749433669,0.8764588402040481,0.908716,description_plus_location,True,True
172278|AMBICA G LAKSHMINARAYANA VALMIKI|ANANTAPUR|Andhra Pradesh,157527|AMBICA G LAKSHMINARAYANA VALMIKI|ANANTAPUR|Andhra Pradesh,0.926444,0.7851896043374852,0.8546716483128426,0.897735,description_plus_location,True,True
1184|Gumma Thanuja Rani|ARAKU|Andhra Pradesh,1199|Gumma Thanuja Rani|ARAKU|Andhra Pradesh,0.937576,0.41413494687093944,0.9205103915231532,0.93075,description_plus_location,True,True
1199|Gumma Thanuja Rani|ARAKU|Andhra Pradesh,1184|Gumma Thanuja Rani|ARAKU|Andhra Pradesh,0.937576,0.41413494687093944,0.9205103915231532,0.93075,description_plus_location,True,True
1489|Gumma Thanuja Rani|ARAKU|Andhra Pradesh,2091|Gumma Thanuja Rani|ARAKU|Andhra Pradesh,0.936854,0.43820166498793356,0.9160903049314609,0.928548,description_plus_location,True,True
1490|Gumma Thanuja Rani|ARAKU|Andhra Pradesh,2157|Gumma Thanuja Rani|ARAKU|Andhra Pradesh,0.936855,0.4381613196190144,0.9160976969615474,0.928552,description_plus_location,True,True
1952|Gumma Thanuja Rani|ARAKU|Andhra Pradesh,2091|Gumma Thanuja Rani|ARAKU|Andhra Pradesh,0.936309,0.45636202565602957,0.912769034061896,0.926893,description_plus_location,True,True
1954|Gumma Thanuja Rani|ARAKU|Andhra Pradesh,152143|Gumma Thanuja Rani|ARAKU|Andhra Pradesh,0.927775,0.740824544071305,0.8622889041757252,0.901581,description_plus_location,True,True
1977|Gumma Thanuja Rani|ARAKU|Andhra Pradesh,1184|Gumma Thanuja Rani|ARAKU|Andhra Pradesh,0.927773,0.7408946810694664,0.862276808589503,0.901575,description_plus_location,True,True
2090|Gumma Thanuja Rani|ARAKU|Andhra Pradesh,1199|Gumma Thanuja Rani|ARAKU|Andhra Pradesh,0.927774,0.7408771502273307,0.8622798318825248,0.901576,description_plus_location,True,True
2091|Gumma Thanuja Rani|ARAKU|Andhra Pradesh,1489|Gumma Thanuja Rani|ARAKU|Andhra Pradesh,0.936854,0.43820166498793356,0.9160903049314609,0.928548,description_plus_location,True,True
2157|Gumma Thanuja Rani|ARAKU|Andhra Pradesh,1490|Gumma Thanuja Rani|ARAKU|Andhra Pradesh,0.936855,0.4381613196190144,0.9160976969615474,0.928552,description_plus_location,True,True
151986|Gumma Thanuja Rani|ARAKU|Andhra Pradesh,1489|Gumma Thanuja Rani|ARAKU|Andhra Pradesh,0.930339,0.6553579629146213,0.8771549743528231,0.909066,description_plus_location,True,True
152143|Gumma Thanuja Rani|ARAKU|Andhra Pradesh,1954|Gumma Thanuja Rani|ARAKU|Andhra Pradesh,0.927775,0.740824544071305,0.8622889041757252,0.901581,description_plus_location,True,True
2142|Krishna Prasad Tenneti|BAPATLA|Andhra Pradesh,186736|Krishna Prasad Tenneti|BAPATLA|Andhra Pradesh,0.937539,0.41536751533145183,0.9202835010748702,0.930637,description_plus_location,True,True
186736|Krishna Prasad Tenneti|BAPATLA|Andhra Pradesh,2142|Krishna Prasad Tenneti|BAPATLA|Andhra Pradesh,0.937539,0.41536751533145183,0.9202835010748702,0.930637,description_plus_location,True,True
199561|Krishna Prasad Tenneti|BAPATLA|Andhra Pradesh,206887|Krishna Prasad Tenneti|BAPATLA|Andhra Pradesh,0.93679,0.4403374059949367,0.9156990821663875,0.928354,description_plus_location,True,True
201543|Krishna Prasad Tenneti|BAPATLA|Andhra Pradesh,206909|Krishna Prasad Tenneti|BAPATLA|Andhra Pradesh,0.936791,0.4402981812114345,0.9157062658142154,0.928357,description_plus_location,True,True
201546|Krishna Prasad Tenneti|BAPATLA|Andhra Pradesh,206887|Krishna Prasad Tenneti|BAPATLA|Andhra Pradesh,0.936306,0.4564785403769417,0.912747764103871,0.926882,description_plus_location,True,True
203509|Krishna Prasad Tenneti|BAPATLA|Andhra Pradesh,206913|Krishna Prasad Tenneti|BAPATLA|Andhra Pradesh,0.927664,0.7445390615340143,0.8616485446293563,0.901258,description_plus_location,True,True
203514|Krishna Prasad Tenneti|BAPATLA|Andhra Pradesh,2142|Krishna Prasad Tenneti|BAPATLA|Andhra Pradesh,0.927662,0.7446072417201082,0.86163679523784,0.901252,description_plus_location,True,True
203802|Krishna Prasad Tenneti|BAPATLA|Andhra Pradesh,186736|Krishna Prasad Tenneti|BAPATLA|Andhra Pradesh,0.927662,0.7445902000985631,0.8616397319804794,0.901253,description_plus_location,True,True
206887|Krishna Prasad Tenneti|BAPATLA|Andhra Pradesh,199561|Krishna Prasad Tenneti|BAPATLA|Andhra Pradesh,0.93679,0.4403374059949367,0.9156990821663875,0.928354,description_plus_location,True,True
206909|Krishna Prasad Tenneti|BAPATLA|Andhra Pradesh,201543|Krishna Prasad Tenneti|BAPATLA|Andhra Pradesh,0.936791,0.4402981812114345,0.9157062658142154,0.928357,description_plus_location,True,True
206912|Krishna Prasad Tenneti|BAPATLA|Andhra Pradesh,199561|Krishna Prasad Tenneti|BAPATLA|Andhra Pradesh,0.93033,0.6556824666028517,0.8770980481952525,0.909037,description_plus_location,True,True
206913|Krishna Prasad Tenneti|BAPATLA|Andhra Pradesh,203509|Krishna Prasad Tenneti|BAPATLA|Andhra Pradesh,0.927664,0.7445390615340143,0.8616485446293563,0.901258,description_plus_location,True,True
135653|DAGGUMALLA PRASADA RAO|CHITTOOR|Andhra Pradesh,135658|DAGGUMALLA PRASADA RAO|CHITTOOR|Andhra Pradesh,0.937784,0.40719070768098453,0.9217897285868832,0.931386,description_plus_location,True,True
135658|DAGGUMALLA PRASADA RAO|CHITTOOR|Andhra Pradesh,135653|DAGGUMALLA PRASADA RAO|CHITTOOR|Andhra Pradesh,0.937784,0.40719070768098453,0.9217897285868832,0.931386,description_plus_location,True,True
141506|DAGGUMALLA PRASADA RAO|CHITTOOR|Andhra Pradesh,146762|DAGGUMALLA PRASADA RAO|CHITTOOR|Andhra Pradesh,0.937217,0.42609084955787413,0.918311914515724,0.929655,description_plus_location,True,True
141507|DAGGUMALLA PRASADA RAO|CHITTOOR|Andhra Pradesh,221109|DAGGUMALLA PRASADA RAO|CHITTOOR|Andhra Pradesh,0.937219,0.42604476874305236,0.9183203778669801,0.929659,description_plus_location,True,True
141551|DAGGUMALLA PRASADA RAO|CHITTOOR|Andhra Pradesh,146762|DAGGUMALLA PRASADA RAO|CHITTOOR|Andhra Pradesh,0.936329,0.4557114837375264,0.9128878006917094,0.926952,description_plus_location,True,True
142933|DAGGUMALLA PRASADA RAO|CHITTOOR|Andhra Pradesh,239473|DAGGUMALLA PRASADA RAO|CHITTOOR|Andhra Pradesh,0.928407,0.7197528745048378,0.865930545704534,0.903417,description_plus_location,True,True
146760|DAGGUMALLA PRASADA RAO|CHITTOOR|Andhra Pradesh,135653|DAGGUMALLA PRASADA RAO|CHITTOOR|Andhra Pradesh,0.928405,0.7198330443693091,0.8659166615089456,0.90341,description_plus_location,True,True
146761|DAGGUMALLA PRASADA RAO|CHITTOOR|Andhra Pradesh,135658|DAGGUMALLA PRASADA RAO|CHITTOOR|Andhra Pradesh,0.928406,0.719813005207004,0.8659201319648047,0.903411,description_plus_location,True,True
146762|DAGGUMALLA PRASADA RAO|CHITTOOR|Andhra Pradesh,141506|DAGGUMALLA PRASADA RAO|CHITTOOR|Andhra Pradesh,0.937217,0.42609084955787413,0.918311914515724,0.929655,description_plus_location,True,True
221109|DAGGUMALLA PRASADA RAO|CHITTOOR|Andhra Pradesh,141507|DAGGUMALLA PRASADA RAO|CHITTOOR|Andhra Pradesh,0.937219,0.42604476874305236,0.9183203778669801,0.929659,description_plus_location,True,True
226516|DAGGUMALLA PRASADA RAO|CHITTOOR|Andhra Pradesh,141506|DAGGUMALLA PRASADA RAO|CHITTOOR|Andhra Pradesh,0.930394,0.6535447125865139,0.8774731323483544,0.909225,description_plus_location,True,True
239473|DAGGUMALLA PRASADA RAO|CHITTOOR|Andhra Pradesh,142933|DAGGUMALLA PRASADA RAO|CHITTOOR|Andhra Pradesh,0.928407,0.7197528745048378,0.865930545704534,0.903417,description_plus_location,True,True
830|Putta Mahesh Kumar|ELURU|Andhra Pradesh,1785|Putta Mahesh Kumar|ELURU|Andhra Pradesh,0.937692,0.410254172864701,0.9212251274201005,0.931105,description_plus_location,True,True
1785|Putta Mahesh Kumar|ELURU|Andhra Pradesh,830|Putta Mahesh Kumar|ELURU|Andhra Pradesh,0.937692,0.410254172864701,0.9212251274201005,0.931105,description_plus_location,True,True
1799|Putta Mahesh Kumar|ELURU|Andhra Pradesh,168892|Putta Mahesh Kumar|ELURU|Andhra Pradesh,0.937056,0.4314502512589702,0.91732812137682,0.929165,description_plus_location,True,True
137046|Putta Mahesh Kumar|ELURU|Andhra Pradesh,169477|Putta Mahesh Kumar|ELURU|Andhra Pradesh,0.937058,0.431406591550798,0.9173361314674072,0.929169,description_plus_location,True,True
137081|Putta Mahesh Kumar|ELURU|Andhra Pradesh,168892|Putta Mahesh Kumar|ELURU|Andhra Pradesh,0.93632,0.45599723508987905,0.9128356303977779,0.926926,description_plus_location,True,True
137088|Putta Mahesh Kumar|ELURU|Andhra Pradesh,175376|Putta Mahesh Kumar|ELURU|Andhra Pradesh,0.928128,0.7290795460744349,0.8643168012984825,0.902603,description_plus_location,True,True
149399|Putta Mahesh Kumar|ELURU|Andhra Pradesh,830|Putta Mahesh Kumar|ELURU|Andhra Pradesh,0.928125,0.7291554769050267,0.8643036757396229,0.902597,description_plus_location,True,True
149400|Putta Mahesh Kumar|ELURU|Andhra Pradesh,1785|Putta Mahesh Kumar|ELURU|Andhra Pradesh,0.928126,0.7291364975465848,0.8643069565317024,0.902598,description_plus_location,True,True
168892|Putta Mahesh Kumar|ELURU|Andhra Pradesh,1799|Putta Mahesh Kumar|ELURU|Andhra Pradesh,0.937056,0.4314502512589702,0.91732812137682,0.929165,description_plus_location,True,True
169477|Putta Mahesh Kumar|ELURU|Andhra Pradesh,137046|Putta Mahesh Kumar|ELURU|Andhra Pradesh,0.937058,0.431406591550798,0.9173361314674072,0.929169,description_plus_location,True,True
175374|Putta Mahesh Kumar|ELURU|Andhra Pradesh,1799|Putta Mahesh Kumar|ELURU|Andhra Pradesh,0.93037,0.6543414852717577,0.8773333141642032,0.909155,description_plus_location,True,True
175376|Putta Mahesh Kumar|ELURU|Andhra Pradesh,137088|Putta Mahesh Kumar|ELURU|Andhra Pradesh,0.928128,0.7290795460744349,0.8643168012984825,0.902603,description_plus_location,True,True
